Order_ID,Order_Date,Customer_ID,Product,Region,Quantity,Unit_Price,Discount,Payment_Method,Gross_sales,Discount_amount,Net_sales,ordered_Year,Ordered_month,Ordered_day,Quarter
10019,2025-01-19,CUST1011,monitor,bangalore,5.0,74999.0,0.0,upi,374995.0,0.0,374995.0,2025.0,1.0,19.0,1
10046,2025-02-15,CUST1056,headphones,chennai,6.0,1499.0,0.05,upi,8994.0,449.70000000000005,8544.3,2025.0,2.0,15.0,1
10048,2025-02-17,CUST1034,headphones,bangalore,2.0,799.0,0.1,debit card,1598.0,159.8,1438.2,2025.0,2.0,17.0,1
10090,2025-03-31,CUST1033,monitor,chennai,4.0,2499.0,0.15,credit card,9996.0,1499.3999999999999,8496.6,2025.0,3.0,31.0,1
10005,2025-01-05,CUST1038,laptop,chennai,2.0,2499.0,0.2,upi,4998.0,999.6,3998.4,2025.0,1.0,5.0,1
10041,2025-02-10,CUST1017,laptop,mumbai,11.0,1499.0,0.15,credit card,16489.0,2473.35,14015.65,2025.0,2.0,10.0,1
10063,2025-03-04,CUST1001,laptop,mumbai,9.0,799.0,0.0,upi,7191.0,0.0,7191.0,2025.0,3.0,4.0,1
10101,2025-04-11,CUST1038,monitor,chennai,8.0,499.0,0.1,upi,3992.0,399.20000000000005,3592.8,2025.0,4.0,11.0,2
10032,2025-02-01,CUST1002,laptop,bangalore,,59999.0,0.05,upi,,,,2025.0,2.0,1.0,1
10056,,CUST1031,laptop,mumbai,8.0,799.0,0.1,credit card,6392.0,639.2,5752.8,,,,4
10054,2025-02-23,CUST1020,laptop,chennai,2.0,799.0,0.2,upi,1598.0,319.6,1278.4,2025.0,2.0,23.0,1
10077,2025-03-18,CUST1044,laptop,bangalore,7.0,59999.0,0.1,credit card,419993.0,41999.3,377993.7,2025.0,3.0,18.0,1
10011,,CUST1011,mouse,mumbai,4.0,74999.0,0.2,upi,299996.0,59999.200000000004,239996.8,,,,4
10092,2025-04-02,CUST1022,monitor,chennai,,1499.0,0.15,credit card,,,,2025.0,4.0,2.0,2
10094,2025-04-04,CUST1049,laptop,mumbai,1.0,499.0,0.2,credit card,499.0,99.80000000000001,399.2,2025.0,4.0,4.0,2
10012,2025-01-12,CUST1030,headphones,mumbai,8.0,74999.0,0.1,debit card,599992.0,59999.200000000004,539992.8,2025.0,1.0,12.0,1
10078,2025-03-19,CUST1043,laptop,chennai,,74999.0,0.0,debit card,,,,2025.0,3.0,19.0,1
10057,2025-02-26,CUST1051,mouse,chennai,11.0,2499.0,0.15,debit card,27489.0,4123.349999999999,23365.65,2025.0,2.0,26.0,1
10117,2025-04-27,CUST1009,laptop,delhi,10.0,49999.0,0.1,upi,499990.0,49999.0,449991.0,2025.0,4.0,27.0,2
10001,2025-01-01,CUST1009,laptop,mumbai,10.0,1499.0,0.15,upi,14990.0,2248.5,12741.5,2025.0,1.0,1.0,1
10027,2025-01-27,CUST1027,laptop,chennai,1.0,2499.0,0.05,cash,2499.0,124.95,2374.05,2025.0,1.0,27.0,1
10045,2025-02-14,CUST1027,laptop,bangalore,,1499.0,0.15,debit card,,,,2025.0,2.0,14.0,1
10067,2025-03-08,CUST1018,headphones,bangalore,10.0,2499.0,0.1,upi,24990.0,2499.0,22491.0,2025.0,3.0,8.0,1
10109,2025-04-19,CUST1011,laptop,mumbai,2.0,59999.0,0.1,credit card,119998.0,11999.800000000001,107998.2,2025.0,4.0,19.0,2
10025,2025-01-25,CUST1059,monitor,mumbai,1.0,,0.15,upi,,,,2025.0,1.0,25.0,1
10043,2025-02-12,CUST1040,keyboard,bangalore,4.0,799.0,0.2,credit card,3196.0,639.2,2556.8,2025.0,2.0,12.0,1
10119,2025-04-29,CUST1006,laptop,bangalore,8.0,49999.0,0.05,upi,399992.0,19999.600000000002,379992.4,2025.0,4.0,29.0,2
10095,2025-04-05,CUST1028,headphones,chennai,7.0,499.0,0.0,upi,3493.0,0.0,3493.0,2025.0,4.0,5.0,2
10037,2025-02-06,CUST1028,monitor,chennai,1.0,74999.0,0.05,upi,74999.0,3749.9500000000003,71249.05,2025.0,2.0,6.0,1
10091,2025-04-01,CUST1033,laptop,bangalore,11.0,74999.0,0.2,upi,824989.0,164997.80000000002,659991.2,2025.0,4.0,1.0,2
10013,2025-01-13,CUST1012,keyboard,chennai,,59999.0,0.15,credit card,,,,2025.0,1.0,13.0,1
10016,2025-01-16,CUST1009,monitor,bangalore,2.0,1499.0,0.15,upi,2998.0,449.7,2548.3,2025.0,1.0,16.0,1
10074,2025-03-15,CUST1017,laptop,bangalore,2.0,1499.0,,upi,2998.0,,,2025.0,3.0,15.0,1
10023,,CUST1018,laptop,bangalore,11.0,74999.0,0.0,cash,824989.0,0.0,824989.0,,,,4
10118,2025-04-28,CUST1053,laptop,mumbai,1.0,59999.0,0.1,credit card,59999.0,5999.900000000001,53999.1,2025.0,4.0,28.0,2
10085,2025-03-26,CUST1058,keyboard,mumbai,6.0,74999.0,0.0,upi,449994.0,0.0,449994.0,2025.0,3.0,26.0,1
10031,2025-01-31,CUST1018,laptop,chennai,9.0,74999.0,0.15,credit card,674991.0,101248.65,573742.35,2025.0,1.0,31.0,1
10079,2025-03-20,CUST1056,mouse,bangalore,1.0,59999.0,0.1,credit card,59999.0,5999.900000000001,53999.1,2025.0,3.0,20.0,1
10066,2025-03-07,CUST1009,laptop,mumbai,3.0,499.0,0.15,cash,1497.0,224.54999999999998,1272.45,2025.0,3.0,7.0,1
10010,2025-01-10,CUST1003,laptop,delhi,9.0,49999.0,0.2,cash,449991.0,89998.20000000001,359992.8,2025.0,1.0,10.0,1
10034,2025-02-03,CUST1057,mouse,bangalore,7.0,59999.0,0.05,credit card,419993.0,20999.65,398993.35,2025.0,2.0,3.0,1
10026,2025-01-26,CUST1035,keyboard,chennai,2.0,2499.0,0.05,debit card,4998.0,249.9,4748.1,2025.0,1.0,26.0,1
10071,2025-03-12,CUST1040,monitor,delhi,1.0,,0.2,upi,,,,2025.0,3.0,12.0,1
10029,2025-01-29,CUST1037,mouse,chennai,,799.0,0.1,credit card,,,,2025.0,1.0,29.0,1
10065,2025-03-06,CUST1033,laptop,mumbai,5.0,59999.0,0.1,debit card,299995.0,29999.5,269995.5,2025.0,3.0,6.0,1
10102,2025-04-12,CUST1018,laptop,mumbai,2.0,59999.0,0.15,cash,119998.0,17999.7,101998.3,2025.0,4.0,12.0,2
10006,2025-01-06,CUST1005,monitor,mumbai,,799.0,0.1,upi,,,,2025.0,1.0,6.0,1
10070,2025-03-11,CUST1007,laptop,bangalore,8.0,49999.0,0.0,upi,399992.0,0.0,399992.0,2025.0,3.0,11.0,1
10040,2025-02-09,CUST1005,keyboard,chennai,4.0,49999.0,0.2,upi,199996.0,39999.200000000004,159996.8,2025.0,2.0,9.0,1
10050,2025-02-19,CUST1028,monitor,chennai,1.0,74999.0,0.1,debit card,74999.0,7499.900000000001,67499.1,2025.0,2.0,19.0,1
10036,2025-02-05,CUST1029,laptop,delhi,10.0,499.0,0.15,debit card,4990.0,748.5,4241.5,2025.0,2.0,5.0,1
10017,2025-01-17,CUST1040,mouse,delhi,9.0,,0.05,upi,,,,2025.0,1.0,17.0,1
10068,2025-03-09,,laptop,bangalore,9.0,49999.0,0.2,upi,449991.0,89998.20000000001,359992.8,2025.0,3.0,9.0,1
10035,2025-02-04,CUST1025,headphones,mumbai,8.0,74999.0,0.0,cash,599992.0,0.0,599992.0,2025.0,2.0,4.0,1
10081,,CUST1019,headphones,bangalore,11.0,2499.0,0.15,upi,27489.0,4123.349999999999,23365.65,,,,4
10008,2025-01-08,CUST1025,keyboard,chennai,,2499.0,0.1,upi,,,,2025.0,1.0,8.0,1
10044,2025-02-13,CUST1029,laptop,bangalore,11.0,59999.0,0.1,credit card,659989.0,65998.90000000001,593990.1,2025.0,2.0,13.0,1
10111,2025-04-21,CUST1032,laptop,mumbai,9.0,59999.0,0.15,credit card,539991.0,80998.65,458992.35,2025.0,4.0,21.0,2
10069,2025-03-10,CUST1019,laptop,bangalore,1.0,2499.0,0.2,cash,2499.0,499.8,1999.2,2025.0,3.0,10.0,1
10082,2025-03-23,CUST1007,laptop,mumbai,4.0,499.0,0.0,credit card,1996.0,0.0,1996.0,2025.0,3.0,23.0,1
10028,2025-01-28,CUST1021,monitor,bangalore,10.0,799.0,0.05,credit card,7990.0,399.5,7590.5,2025.0,1.0,28.0,1
10020,2025-01-20,CUST1035,laptop,mumbai,,1499.0,0.0,credit card,,,,2025.0,1.0,20.0,1
10099,2025-04-09,CUST1012,keyboard,mumbai,10.0,74999.0,0.0,cash,749990.0,0.0,749990.0,2025.0,4.0,9.0,2
10108,2025-04-18,CUST1056,keyboard,delhi,7.0,499.0,0.1,credit card,3493.0,349.3,3143.7,2025.0,4.0,18.0,2
10009,2025-01-09,CUST1047,laptop,delhi,1.0,59999.0,0.2,debit card,59999.0,11999.800000000001,47999.2,2025.0,1.0,9.0,1
10014,2025-01-14,CUST1020,monitor,mumbai,5.0,49999.0,0.05,upi,249995.0,12499.75,237495.25,2025.0,1.0,14.0,1
10113,2025-04-23,CUST1018,mouse,chennai,5.0,799.0,0.15,debit card,3995.0,599.25,3395.75,2025.0,4.0,23.0,2
10004,2025-01-04,CUST1039,laptop,mumbai,10.0,,0.0,upi,,,,2025.0,1.0,4.0,1
10018,2025-01-18,CUST1007,laptop,chennai,9.0,1499.0,0.05,debit card,13491.0,674.5500000000001,12816.45,2025.0,1.0,18.0,1
10039,2025-02-08,CUST1004,laptop,mumbai,4.0,,0.15,upi,,,,2025.0,2.0,8.0,1
10073,2025-03-14,CUST1008,laptop,delhi,10.0,59999.0,0.15,upi,599990.0,89998.5,509991.5,2025.0,3.0,14.0,1
10096,2025-04-06,CUST1048,,bangalore,7.0,1499.0,0.05,credit card,10493.0,524.65,9968.35,2025.0,4.0,6.0,2
10007,2025-01-07,CUST1045,laptop,chennai,6.0,1499.0,0.05,upi,8994.0,449.70000000000005,8544.3,2025.0,1.0,7.0,1
10086,2025-03-27,CUST1014,keyboard,bangalore,8.0,799.0,0.2,upi,6392.0,1278.4,5113.6,2025.0,3.0,27.0,1
10106,2025-04-16,CUST1016,monitor,bangalore,11.0,74999.0,0.1,upi,824989.0,82498.90000000001,742490.1,2025.0,4.0,16.0,2
10098,2025-04-08,CUST1019,keyboard,chennai,7.0,2499.0,0.1,upi,17493.0,1749.3000000000002,15743.7,2025.0,4.0,8.0,2
10055,2025-02-24,CUST1033,laptop,delhi,1.0,49999.0,0.1,credit card,49999.0,4999.900000000001,44999.1,2025.0,2.0,24.0,1
10051,2025-02-20,CUST1048,monitor,chennai,2.0,49999.0,0.1,cash,99998.0,9999.800000000001,89998.2,2025.0,2.0,20.0,1
10114,2025-04-24,CUST1026,laptop,chennai,6.0,74999.0,0.15,upi,449994.0,67499.09999999999,382494.9,2025.0,4.0,24.0,2
10047,2025-02-16,CUST1010,laptop,,5.0,74999.0,0.1,cash,374995.0,37499.5,337495.5,2025.0,2.0,16.0,1
10084,2025-03-25,CUST1055,monitor,delhi,6.0,799.0,0.2,credit card,4794.0,958.8000000000001,3835.2,2025.0,3.0,25.0,1
10062,2025-03-03,CUST1049,keyboard,bangalore,8.0,499.0,,cash,3992.0,,,2025.0,3.0,3.0,1
10120,2025-04-30,CUST1045,laptop,delhi,2.0,49999.0,0.1,credit card,99998.0,9999.800000000001,89998.2,2025.0,4.0,30.0,2
10080,2025-03-21,CUST1046,keyboard,mumbai,5.0,59999.0,0.2,debit card,299995.0,59999.0,239996.0,2025.0,3.0,21.0,1
10097,2025-04-07,CUST1057,laptop,chennai,2.0,74999.0,0.15,upi,149998.0,22499.7,127498.3,2025.0,4.0,7.0,2
10042,2025-02-11,CUST1029,monitor,delhi,9.0,799.0,0.2,cash,7191.0,1438.2,5752.8,2025.0,2.0,11.0,1
10059,2025-02-28,CUST1017,keyboard,mumbai,4.0,2499.0,0.0,credit card,9996.0,0.0,9996.0,2025.0,2.0,28.0,1
10049,2025-02-18,CUST1032,keyboard,bangalore,11.0,74999.0,0.2,upi,824989.0,164997.80000000002,659991.2,2025.0,2.0,18.0,1
10089,2025-03-30,CUST1009,monitor,bangalore,6.0,,0.1,debit card,,,,2025.0,3.0,30.0,1
10105,2025-04-15,CUST1054,monitor,chennai,1.0,1499.0,0.0,cash,1499.0,0.0,1499.0,2025.0,4.0,15.0,2
10058,2025-02-27,CUST1026,laptop,bangalore,2.0,499.0,0.15,upi,998.0,149.7,848.3,2025.0,2.0,27.0,1
10076,2025-03-17,CUST1039,laptop,chennai,2.0,2499.0,0.15,credit card,4998.0,749.6999999999999,4248.3,2025.0,3.0,17.0,1
10033,2025-02-02,CUST1009,laptop,mumbai,5.0,59999.0,0.1,upi,299995.0,29999.5,269995.5,2025.0,2.0,2.0,1
10116,2025-04-26,CUST1059,mouse,chennai,9.0,59999.0,0.15,upi,539991.0,80998.65,458992.35,2025.0,4.0,26.0,2
10060,2025-03-01,CUST1002,keyboard,mumbai,6.0,499.0,0.05,credit card,2994.0,149.70000000000002,2844.3,2025.0,3.0,1.0,1
10064,2025-03-05,CUST1053,headphones,delhi,,799.0,0.05,upi,,,,2025.0,3.0,5.0,1
10115,2025-04-25,CUST1058,mouse,mumbai,7.0,1499.0,0.2,credit card,10493.0,2098.6,8394.4,2025.0,4.0,25.0,2
10038,2025-02-07,CUST1047,monitor,mumbai,3.0,499.0,0.05,debit card,1497.0,74.85000000000001,1422.15,2025.0,2.0,7.0,1
10030,2025-01-30,CUST1035,laptop,chennai,2.0,799.0,0.05,upi,1598.0,79.9,1518.1,2025.0,1.0,30.0,1
10110,2025-04-20,CUST1010,keyboard,bangalore,11.0,59999.0,0.1,upi,659989.0,65998.90000000001,593990.1,2025.0,4.0,20.0,2
10002,2025-01-02,CUST1035,monitor,delhi,10.0,59999.0,0.15,credit card,599990.0,89998.5,509991.5,2025.0,1.0,2.0,1
10053,2025-02-22,CUST1057,laptop,chennai,4.0,799.0,0.05,upi,3196.0,159.8,3036.2,2025.0,2.0,22.0,1
10022,2025-01-22,CUST1011,laptop,bangalore,11.0,49999.0,0.1,upi,549989.0,54998.9,494990.1,2025.0,1.0,22.0,1
10003,2025-01-03,CUST1006,keyboard,delhi,3.0,799.0,0.15,credit card,2397.0,359.55,2037.45,2025.0,1.0,3.0,1
10024,2025-01-24,CUST1055,headphones,bangalore,3.0,74999.0,0.1,credit card,224997.0,22499.7,202497.3,2025.0,1.0,24.0,1
10104,2025-04-14,CUST1031,laptop,bangalore,5.0,499.0,0.0,cash,2495.0,0.0,2495.0,2025.0,4.0,14.0,2
10100,2025-04-10,CUST1057,laptop,mumbai,2.0,499.0,0.0,credit card,998.0,0.0,998.0,2025.0,4.0,10.0,2
10088,2025-03-29,CUST1003,laptop,mumbai,11.0,799.0,0.1,upi,8789.0,878.9000000000001,7910.1,2025.0,3.0,29.0,1
10112,2025-04-22,CUST1003,monitor,chennai,9.0,74999.0,0.1,credit card,674991.0,67499.1,607491.9,2025.0,4.0,22.0,2
10075,2025-03-16,CUST1015,keyboard,mumbai,5.0,74999.0,0.15,debit card,374995.0,56249.25,318745.75,2025.0,3.0,16.0,1
10087,2025-03-28,CUST1014,laptop,chennai,4.0,799.0,0.1,cash,3196.0,319.6,2876.4,2025.0,3.0,28.0,1
10083,2025-03-24,CUST1037,laptop,mumbai,2.0,2499.0,0.2,cash,4998.0,999.6,3998.4,2025.0,3.0,24.0,1
10021,2025-01-21,CUST1047,mouse,mumbai,1.0,499.0,0.1,upi,499.0,49.900000000000006,449.1,2025.0,1.0,21.0,1
10061,2025-03-02,CUST1022,headphones,mumbai,11.0,49999.0,0.0,credit card,549989.0,0.0,549989.0,2025.0,3.0,2.0,1
10072,2025-03-13,CUST1040,laptop,delhi,9.0,1499.0,0.15,debit card,13491.0,2023.6499999999999,11467.35,2025.0,3.0,13.0,1
10107,2025-04-17,CUST1059,monitor,chennai,2.0,49999.0,0.0,upi,99998.0,0.0,99998.0,2025.0,4.0,17.0,2
10015,2025-01-15,CUST1039,keyboard,chennai,10.0,1499.0,0.1,credit card,14990.0,1499.0,13491.0,2025.0,1.0,15.0,1
10093,2025-04-03,CUST1019,monitor,chennai,6.0,799.0,0.2,upi,4794.0,958.8000000000001,3835.2,2025.0,4.0,3.0,2
10052,2025-02-21,CUST1016,laptop,chennai,3.0,799.0,0.15,credit card,2397.0,359.55,2037.45,2025.0,2.0,21.0,1
10103,2025-04-13,CUST1037,monitor,delhi,9.0,499.0,0.0,upi,4491.0,0.0,4491.0,2025.0,4.0,13.0,2
