Order_ID,Order_Date,Customer_ID,Product,Region,Quantity,Unit_Price,Discount,Payment_Method
10019,2025-01-19,CUST1011,Monitor,Bengaluru,5,74999,0.0,upi
10046,2025-02-15,CUST1056,Headphones,Chennai ,6,1499,0.05,upi
10048,2025-02-17,CUST1034,Headphones,Bangalore,2,799,0.1,Debit Card
10090,2025-03-31,CUST1033,Monitor,Chennai ,4,2499,0.15,Credit card 
10005,2025-01-05,CUST1038,Laptop ,Chennai ,2,2499,0.2,upi
10041,2025-02-10,CUST1017,laptop,mumbai,11,1499,0.15,Credit Card
10063,2025-03-04,CUST1001,LAPTOP,Mumbai,9,799,0.0,UPI
10101,2025-04-11,CUST1038,Monitor,Chennai,8,499,0.1,UPI
10032,2025-02-01,CUST1002,laptop,Bangalore,-3,59999,0.05,UPI
10056,invalid_date,CUST1031,Laptop,Mumbai,8,799,0.1,Credit card 
10054,2025-02-23,CUST1020,Laptop ,Chennai ,2,799,0.2,upi
10077,2025-03-18,CUST1044,LAPTOP,Bengaluru,7,59999,0.1,Credit card 
10011,10/01/2025,CUST1011,Mouse,Mumbai,4,74999,0.2,upi
10092,2025-04-02,CUST1022,Monitor,Chennai ,,1499,0.15,Credit card 
10094,2025-04-04,CUST1049,Laptop ,Mumbai,1,499,0.2,Credit Card
10012,2025-01-12,CUST1030,Headphones,Mumbai,8,74999,0.1,Debit Card
10078,2025-03-19,CUST1043,laptop,Chennai,-3,74999,0.0,Debit Card
10057,2025-02-26,CUST1051,Mouse,Chennai ,11,2499,0.15,Debit Card
10117,2025-04-27,CUST1009,Laptop,Delhi,10,49999,0.1,upi
10001,2025-01-01,CUST1009,Laptop,Mumbai,10,1499,0.15,UPI
10027,2025-01-27,CUST1027,Laptop ,Chennai,1,2499,0.05,Cash
10045,2025-02-14,CUST1027,Laptop,Bengaluru,ten,1499,0.15,Debit Card
10067,2025-03-08,CUST1018,Headphones,Bangalore,10,2499,0.1,UPI
10109,2025-04-19,CUST1011,Laptop ,Mumbai,2,59999,0.1,Credit card 
10025,2025-01-25,CUST1059,Monitor,mumbai,1,-499,0.15,upi
10043,2025-02-12,CUST1040,Keyboard,Bengaluru,4,799,0.2,Credit card 
10119,2025-04-29,CUST1006,laptop,Bengaluru,8,49999,0.05,UPI
10095,2025-04-05,CUST1028,Headphones,Chennai ,7,499,0.0,upi
10037,2025-02-06,CUST1028,Monitor,Chennai,1,74999,0.05,upi
10091,2025-04-01,CUST1033,Laptop ,Bangalore,11,74999,0.2,UPI
10013,2025-01-13,CUST1012,Keyboard,Chennai,-3,59999,0.15,Credit card 
10016,2025-01-16,CUST1009,Monitor,Bengaluru,2,1499,0.15,upi
10074,2025-03-15,CUST1017,laptop,Bengaluru,2,1499,1.5,upi
10023,Jan 23 2025,CUST1018,laptop,Bangalore,11,74999,0.0,Cash
10118,2025-04-28,CUST1053,laptop,Mumbai,1,59999,0.1,Credit Card
10016,2025-01-16,CUST1009,Monitor,Bengaluru,2,1499,0.15,upi
10085,2025-03-26,CUST1058,Keyboard,Mumbai,6,74999,0.0,upi
10031,2025-01-31,CUST1018,Laptop ,Chennai ,9,74999,0.15,Credit card 
10079,2025-03-20,CUST1056,Mouse,Bengaluru,1,59999,0.1,Credit Card
10066,2025-03-07,CUST1009,LAPTOP,Mumbai,3,499,0.15,Cash
10010,2025-01-10,CUST1003,Laptop,Delhi,9,49999,0.2,Cash
10034,2025-02-03,CUST1057,Mouse,Bengaluru,7,59999,0.05,Credit card 
10026,2025-01-26,CUST1035,Keyboard,Chennai ,2,2499,0.05,Debit Card
10071,2025-03-12,CUST1040,Monitor,Delhi,1,unknown,0.2,UPI
10029,2025-01-29,CUST1037,Mouse,Chennai ,,799,0.1,Credit Card
10065,2025-03-06,CUST1033,Laptop ,Mumbai,5,59999,0.1,Debit Card
10102,2025-04-12,CUST1018,laptop,Mumbai,2,59999,0.15,Cash
10006,2025-01-06,CUST1005,Monitor,Mumbai,,799,0.1,UPI
10065,2025-03-06,CUST1033,Laptop ,Mumbai,5,59999,0.1,Debit Card
10070,2025-03-11,CUST1007,Laptop ,Bengaluru,8,49999,0.0,UPI
10040,2025-02-09,CUST1005,Keyboard,Chennai ,4,49999,0.2,upi
10050,2025-02-19,CUST1028,Monitor,Chennai,1,74999,10%,Debit Card
10036,2025-02-05,CUST1029,Laptop,Delhi,10,499,0.15,Debit Card
10017,2025-01-17,CUST1040,Mouse,Delhi,9,₹60000,0.05,upi
10068,2025-03-09,,LAPTOP,Bengaluru,9,49999,0.2,upi
10035,2025-02-04,CUST1025,Headphones,Mumbai,8,74999,0.0,Cash
10081,,CUST1019,Headphones,Bengaluru,11,2499,0.15,UPI
10008,2025-01-08,CUST1025,Keyboard,Chennai ,ten,2499,0.1,UPI
10044,2025-02-13,CUST1029,LAPTOP,Bengaluru,11,59999,0.1,Credit card 
10111,2025-04-21,CUST1032,LAPTOP,Mumbai,9,59999,0.15,Credit Card
10069,2025-03-10,CUST1019,Laptop,Bangalore,1,2499,0.2,Cash
10082,2025-03-23,CUST1007,Laptop ,mumbai,4,499,0.0,Credit Card
10028,2025-01-28,CUST1021,Monitor,Bangalore,10,799,0.05,Credit Card
10020,2025-01-20,CUST1035,Laptop ,Mumbai,ten,1499,0.0,Credit card 
10099,2025-04-09,CUST1012,Keyboard,Mumbai,10,74999,0.0,Cash
10108,2025-04-18,CUST1056,Keyboard,Delhi,7,499,0.1,Credit card 
10009,2025-01-09,CUST1047,laptop,Delhi,1,59999,0.2,Debit Card
10014,2025-01-14,CUST1020,Monitor,Mumbai,5,49999,0.05,upi
10113,2025-04-23,CUST1018,Mouse,Chennai,5,799,0.15,Debit Card
10004,2025-01-04,CUST1039,Laptop ,Mumbai,10,"45,000",0.0,UPI
10018,2025-01-18,CUST1007,laptop,Chennai,9,1499,0.05,Debit Card
10039,2025-02-08,CUST1004,LAPTOP,Mumbai,4,"59,999",0.15,UPI
10073,2025-03-14,CUST1008,Laptop ,Delhi,10,59999,0.15,upi
10096,2025-04-06,CUST1048,,Bangalore,7,1499,0.05,Credit card 
10007,2025-01-07,CUST1045,Laptop,Chennai,6,1499,0.05,upi
10086,2025-03-27,CUST1014,Keyboard,Bangalore,8,799,0.2,upi
10106,2025-04-16,CUST1016,Monitor,Bengaluru,11,74999,0.1,UPI
10098,2025-04-08,CUST1019,Keyboard,Chennai,7,2499,0.1,UPI
10055,2025-02-24,CUST1033,Laptop ,Delhi,1,49999,0.1,Credit card 
10051,2025-02-20,CUST1048,Monitor,Chennai,2,49999,0.1,Cash
10114,2025-04-24,CUST1026,Laptop ,Chennai ,6,74999,0.15,UPI
10047,2025-02-16,CUST1010,Laptop ,,5,74999,0.1,Cash
10084,2025-03-25,CUST1055,Monitor,Delhi,6,799,0.2,Credit card 
10062,2025-03-03,CUST1049,Keyboard,Bangalore,8,499,,Cash
10120,2025-04-30,CUST1045,Laptop,Delhi,2,49999,0.1,Credit card 
10080,2025-03-21,CUST1046,Keyboard,mumbai,5,59999,0.2,Debit Card
10097,2025-04-07,CUST1057,laptop,Chennai,2,74999,0.15,UPI
10042,2025-02-11,CUST1029,Monitor,Delhi,9,799,0.2,Cash
10059,2025-02-28,CUST1017,Keyboard,mumbai,4,2499,0.0,Credit Card
10049,2025-02-18,CUST1032,Keyboard,Bengaluru,11,74999,0.2,UPI
10089,2025-03-30,CUST1009,Monitor,Bangalore,6,,0.1,Debit Card
10105,2025-04-15,CUST1054,Monitor,Chennai ,1,1499,0.0,Cash
10058,2025-02-27,CUST1026,laptop,Bangalore,2,499,0.15,UPI
10076,2025-03-17,CUST1039,Laptop ,Chennai,2,2499,0.15,Credit Card
10033,2025-02-02,CUST1009,Laptop,mumbai,5,59999,0.1,UPI
10116,2025-04-26,CUST1059,Mouse,Chennai ,9,59999,0.15,upi
10060,2025-03-01,CUST1002,Keyboard,Mumbai,6,499,0.05,Credit card 
10064,2025-03-05,CUST1053,Headphones,Delhi,,799,0.05,UPI
10115,2025-04-25,CUST1058,Mouse,Mumbai,7,1499,0.2,Credit card 
10038,2025-02-07,CUST1047,Monitor,Mumbai,3,499,0.05,Debit Card
10030,2025-01-30,CUST1035,Laptop ,Chennai,2,799,0.05,UPI
10110,2025-04-20,CUST1010,Keyboard,Bangalore,11,59999,0.1,UPI
10002,2025-01-02,CUST1035,Monitor,Delhi,10,59999,0.15,Credit card 
10053,2025-02-22,CUST1057,LAPTOP,Chennai ,4,799,0.05,UPI
10022,2025-01-22,CUST1011,LAPTOP,Bangalore,11,49999,0.1,upi
10003,2025-01-03,CUST1006,Keyboard,Delhi,3,799,0.15,Credit card 
10024,2025-01-24,CUST1055,Headphones,Bengaluru,3,74999,0.1,Credit Card
10104,2025-04-14,CUST1031,Laptop,Bangalore,5,499,0.0,Cash
10100,2025-04-10,CUST1057,laptop,mumbai,2,499,0.0,Credit card 
10088,2025-03-29,CUST1003,LAPTOP,mumbai,11,799,0.1,UPI
10112,2025-04-22,CUST1003,Monitor,Chennai ,9,74999,0.1,Credit Card
10075,2025-03-16,CUST1015,Keyboard,mumbai,5,74999,0.15,Debit Card
10087,2025-03-28,CUST1014,Laptop,Chennai ,4,799,0.1,Cash
10083,2025-03-24,CUST1037,laptop,Mumbai,2,2499,0.2,Cash
10104,2025-04-14,CUST1031,Laptop,Bangalore,5,499,0.0,Cash
10021,2025-01-21,CUST1047,Mouse,mumbai,1,499,0.1,upi
10061,2025-03-02,CUST1022,Headphones,mumbai,11,49999,0.0,Credit card 
10072,2025-03-13,CUST1040,laptop,Delhi,9,1499,0.15,Debit Card
10107,2025-04-17,CUST1059,Monitor,Chennai ,2,49999,0.0,upi
10015,2025-01-15,CUST1039,Keyboard,Chennai ,10,1499,10%,Credit Card
10093,2025-04-03,CUST1019,Monitor,Chennai ,6,799,0.2,upi
10052,2025-02-21,CUST1016,laptop,Chennai,3,799,0.15,Credit card 
10103,2025-04-13,CUST1037,Monitor,Delhi,9,499,0.0,UPI
